"","Site","State","Date","Year","SolarDay","Period","EC","Number","Amphi.mass","Spider.mass","Hemi.mass","Snail.mass","Other.mass","Total.mass","Notes","EXCLUDE"
"1","Bunny","ME","5/28/2014",2014,158,1,"excolsure",1,0,0,0.054,0,0,0.051,"","no"
"2","Bunny","ME","5/28/2014",2014,158,1,"control",1,0,0,0.006,0,0,0.005,"","no"
"3","Bunny","ME","5/28/2014",2014,158,1,"excolsure",2,0,0,0,0,0.001,0.001,"","no"
"4","Bunny","ME","5/28/2014",2014,158,1,"control",2,0,0,0.002,0,0,0.002,"","no"
"5","Asparagus","ME","5/28/2014",2014,158,1,"excolsure",1,0,0.001,0,0,0,0.001,"","no"
"6","Asparagus","ME","5/28/2014",2014,158,1,"control",1,0,0.001,0,0,0,0.001,"","no"
"7","Asparagus","ME","5/28/2014",2014,158,1,"excolsure",2,0,0,0,0,0.002,0.002,"","no"
"8","Asparagus","ME","5/28/2014",2014,158,1,"control",2,0,0,0.02,0,0,0.02,"","no"
"9","Bunny","ME","5/28/2014",2014,158,1,"excolsure",3,0,0.001,0.001,0,0,0.002,"","no"
"10","Bunny","ME","5/28/2014",2014,158,1,"control",3,0.004,0.002,0,0,0,0.006,"","no"
"11","Asparagus","ME","5/28/2014",2014,158,1,"excolsure",3,0,0.003,0,0,0,0.003,"","no"
"12","Asparagus","ME","5/28/2014",2014,158,1,"control",3,0,0,0.001,0,0,0.001,"","no"
"13","Rachel Carson","ME","6/6/2014",2014,167,1,"excolsure",1,0,0.006,0.033,0.005,0.004,1.04,"","no"
"14","Rachel Carson","ME","6/6/2014",2014,167,1,"control",1,0,0.018,0.007,0.143,0.009,1.183,"","no"
"15","Rachel Carson","ME","6/6/2014",2014,167,1,"excolsure",2,0,0.003,0.047,0.009,0,1.045,"","no"
"16","Rachel Carson","ME","6/6/2014",2014,167,1,"control",2,0,0.006,0.012,0.024,0.002,1.044,"","no"
"17","Chapman","ME","6/6/2014",2014,167,1,"excolsure",1,0,0,0.001,0.036,0,1.036,"","no"
"18","Chapman","ME","6/6/2014",2014,167,1,"control",1,0,0.003,0,0.004,0,1.024,"","no"
"19","Chapman","ME","6/6/2014",2014,167,1,"excolsure",2,0.007,0.003,0.001,0.01,0.001,1.027,"","no"
"20","Chapman","ME","6/6/2014",2014,167,1,"control",2,0,0.014,0,0.014,0,1.028,"","no"
"21","Rachel Carson","ME","6/6/2014",2014,167,1,"excolsure",3,0,0.007,0.035,0.015,0.028,1.092,"","no"
"22","Rachel Carson","ME","6/6/2014",2014,167,1,"control",3,0,0.003,0.011,0.082,0.002,1.093,"","no"
"23","Chapman","NH","6/6/2014",2014,167,1,"excolsure",3,0,0.005,0,0,0,0.005,"","no"
"24","Chapman","NH","6/6/2014",2014,167,1,"control",3,0,0.002,0,0.004,0.004,1.014,"","no"
"25","Barn Island","CT","6/10/2014",2014,171,1,"excolsure",1,0.07,0.014,0.019,0.413,0.016,1.549,"","no"
"26","Barn Island","CT","6/10/2014",2014,171,1,"control",1,0.033,0.027,0.01,0.366,0.007,1.438,"","no"
"27","Barn Island","CT","6/10/2014",2014,171,1,"excolsure",2,0.034,0.003,0.01,0.1078,0.01,1.1488,"","no"
"28","Barn Island","CT","6/10/2014",2014,171,1,"control",2,0.068,0.007,0.008,0.911,0.021,2.019,"","no"
"29","Barn Island","CT","6/10/2014",2014,171,1,"excolsure",3,0.017,0.001,0.026,0.331,0.008,1.417,"","no"
"30","Barn Island","CT","6/10/2014",2014,171,1,"control",3,0.064,0.023,0.01,0.957,0.026,2.095,"","no"
"31","Hammo","CT","6/11/2014",2014,172,1,"excolsure",1,0.007,0.016,0.014,0.117,0.004,1.149,"","no"
"32","Hammo","CT","6/11/2014",2014,172,1,"control",1,0.001,0.001,0.003,0.026,0.003,1.04,"","no"
"33","Hammo","CT","6/11/2014",2014,172,1,"excolsure",2,0.009,0.017,0.01,0.057,0.002,1.099,"","no"
"34","Hammo","CT","6/11/2014",2014,172,1,"control",2,0.001,0.005,0.004,0.008,0.001,1.012,"","no"
"35","Sachuest","RI","6/11/2014",2014,172,1,"excolsure",1,0.041,0.007,0.005,0,0.039,0.092,"","no"
"36","Sachuest","RI","6/11/2014",2014,172,1,"control",1,0,0.015,0,0,0.007,0.022,"","no"
"37","Sachuest","RI","6/11/2014",2014,172,1,"excolsure",2,0.104,0.003,0.003,0,0.009,0.119,"","no"
"38","Sachuest","RI","6/11/2014",2014,172,1,"control",2,0.184,0.022,0.003,0,0,0.206,"","no"
"39","Hammo","CT","6/11/2014",2014,172,1,"excolsure",3,0.007,0.005,0.01,0.282,0.005,1.31,"","no"
"40","Hammo","CT","6/11/2014",2014,172,1,"control",3,0.001,0.004,0.024,0.075,0.005,1.1,"","no"
"41","Sachuest","RI","6/11/2014",2014,172,1,"excolsure",3,0.196,0.005,0.016,0,0.023,0.24,"","no"
"42","Sachuest","RI","6/11/2014",2014,172,1,"control",3,0.015,0.007,0.003,0,0.004,0.029,"","no"
"43","Forsythe","NJ","6/12/2014",2014,173,1,"excolsure",1,0,0.001,0.017,0,0.004,0.022,"","no"
"44","Forsythe","NJ","6/12/2014",2014,173,1,"control",1,0.001,0.002,0.023,0.002,0.002,1.025,"","no"
"45","Forsythe","NJ","6/12/2014",2014,173,1,"excolsure",2,0,0.004,0.028,0.041,0.006,1.083,"","no"
"46","Forsythe","NJ","6/12/2014",2014,173,1,"control",2,0,0.002,0.025,0,0.003,0.03,"","no"
"47","Forsythe","NJ","6/12/2014",2014,173,1,"excolsure",3,0.001,0.005,0.052,0.066,0.005,1.133,"","no"
"48","Forsythe","NJ","6/12/2014",2014,173,1,"control",3,0.001,0.003,0.022,0,0.004,0.03,"","no"
"49","Asparagus","ME","6/27/2014",2014,188,2,"excolsure",1,0.001,0.003,0.001,0,0,0.005,"","no"
"50","Asparagus","ME","6/27/2014",2014,188,2,"control",1,0.001,0,0.006,0.011,0,1.012,"","no"
"51","Asparagus","ME","6/27/2014",2014,188,2,"excolsure",2,0,0,0.003,0,0.001,0.004,"","no"
"52","Asparagus","ME","6/27/2014",2014,188,2,"control",2,0.001,0,0.001,0,0.008,0.01,"","no"
"53","Bunny","ME","6/27/2014",2014,188,2,"excolsure",1,0,0.007,0.001,0.026,0.002,1.051,"","no"
"54","Bunny","ME","6/27/2014",2014,188,2,"control",1,0.001,0,0.002,0.007,0,1.011,"","no"
"55","Bunny","ME","6/27/2014",2014,188,2,"excolsure",2,0,0,0,0,0.003,0.003,"","no"
"56","Bunny","ME","6/27/2014",2014,188,2,"control",2,0.001,0.002,0,0,0,0.003,"","no"
"57","Bunny","ME","6/27/2014",2014,188,2,"excolsure",3,0,0.001,0,0,0,0.001,"","no"
"58","Bunny","ME","6/27/2014",2014,188,2,"control",3,0.032,0.003,0,0,0.003,0.038,"","no"
"59","Asparagus","ME","6/27/2014",2014,188,2,"excolsure",3,0.001,0.003,0.001,0,0.002,0.007,"","no"
"60","Asparagus","ME","6/27/2014",2014,188,2,"control",3,0.001,0.001,0.001,0,0.003,0.006,"","no"
"61","Rachel Carson","ME","6/28/2014",2014,189,2,"excolsure",1,0,0,0,0.155,0,1.164,"","no"
"62","Rachel Carson","ME","6/28/2014",2014,189,2,"control",1,0,0.003,0,0,0.001,0.004,"","no"
"63","Rachel Carson","ME","6/28/2014",2014,189,2,"excolsure",2,0,0.003,0,0,0.009,0.012,"","no"
"64","Rachel Carson","ME","6/28/2014",2014,189,2,"control",2,0,0.001,0,0.049,0.001,1.059,"","no"
"65","Chapman","NH","6/28/2014",2014,189,2,"excolsure",2,0,0.001,0,0,0,0.001,"","no"
"66","Chapman","NH","6/28/2014",2014,189,2,"control",2,0,0.003,0.002,0,0,0.005,"","no"
"67","Chapman","NH","6/28/2014",2014,189,2,"excolsure",3,0.001,0,0.001,0,0,0.002,"","no"
"68","Chapman","NH","6/28/2014",2014,189,2,"control",3,0,0.001,0.001,0,0,0.002,"","no"
"69","Rachel Carson","ME","6/28/2014",2014,189,2,"excolsure",3,0,0,0,0,0.001,0.001,"","no"
"70","Rachel Carson","ME","6/28/2014",2014,189,2,"control",3,0,0.001,0,0,0.002,0.003,"","no"
"75","Barn Island","CT","6/30/2014",2014,191,2,"excolsure",1,0.01,0.001,0,0,0.005,0.016,"","no"
"76","Barn Island","CT","6/30/2014",2014,191,2,"control",1,0.032,0.004,0.001,0,0.003,0.04,"","no"
"77","Barn Island","CT","6/30/2014",2014,191,2,"excolsure",2,0.006,0.003,0,0.017,0.001,1.053,"","no"
"78","Barn Island","CT","6/30/2014",2014,191,2,"control",2,0.037,0.004,0,0.331,0.011,1.422,"","no"
"79","Sachuest","RI","6/30/2014",2014,191,2,"excolsure",1,0.012,0.002,0.001,0,0.006,0.021,"","no"
"80","Sachuest","RI","6/30/2014",2014,191,2,"control",1,0.009,0.002,0.001,0.422,0.01,1.465,"","no"
"81","Sachuest","RI","6/30/2014",2014,191,2,"excolsure",2,0.074,0.013,0,0,0.001,0.088,"","no"
"82","Sachuest","RI","6/30/2014",2014,191,2,"control",2,0.004,0.01,0.001,0,0.002,0.017,"","no"
"83","Sachuest","RI","6/30/2014",2014,191,2,"excolsure",3,0.008,0.001,0,0,0.003,0.012,"","no"
"84","Sachuest","RI","6/30/2014",2014,191,2,"control",3,0.001,0.001,0.001,0.113,0,1.142,"","no"
"85","Hammo","CT","7/1/2014",2014,192,2,"excolsure",1,0.001,0.001,0.001,0.076,0.002,1.103,"","no"
"86","Hammo","CT","7/1/2014",2014,192,2,"control",1,0.001,0.006,0.002,0.166,0.002,1.18,"","no"
"87","Hammo","CT","7/1/2014",2014,192,2,"excolsure",2,0,0.001,0.002,0.306,0,1.316,"","no"
"88","Hammo","CT","7/1/2014",2014,192,2,"control",2,0,0.006,0.002,0.214,0,1.233,"","no"
"89","Forsythe","NJ","7/1/2014",2014,192,2,"excolsure",1,0.001,0.004,0.002,0,0.015,0.022,"","no"
"90","Forsythe","NJ","7/1/2014",2014,192,2,"control",1,0,0,0.002,0,0,0.002,"","no"
"91","Forsythe","NJ","7/1/2014",2014,192,2,"excolsure",2,0.002,0.001,0.003,0.02,0,1.047,"","no"
"92","Forsythe","NJ","7/1/2014",2014,192,2,"control",2,0.001,0.001,0.002,0,0,0.004,"","no"
"93","Hammo","CT","7/1/2014",2014,192,2,"excolsure",3,0.001,0.005,0.003,0.06,0.001,1.09,"","no"
"94","Hammo","CT","7/1/2014",2014,192,2,"control",3,0.001,0.001,0.001,0.223,0.001,1.221,"","no"
"95","Forsythe","NJ","7/1/2014",2014,192,2,"excolsure",3,0,0.001,0.005,0,0.001,0.007,"","no"
"96","Forsythe","NJ","7/1/2014",2014,192,2,"control",3,0.002,0.001,0.005,0,0.005,0.013,"","no"
"97","Asparagus","ME","7/30/2014",2014,221,3,"excolsure",1,0.003,0.003,0.012,0.209,0.007,1.237,"","no"
"98","Asparagus","ME","7/30/2014",2014,221,3,"control",1,0.011,0.003,0.009,0,0.004,0.027,"","no"
"99","Asparagus","ME","7/30/2014",2014,221,3,"excolsure",2,0.001,0.001,0.007,0,0.001,0.01,"","no"
"100","Asparagus","ME","7/30/2014",2014,221,3,"control",2,0.006,0.003,0.02,0.07,0.008,1.129,"","no"
"101","Bunny","ME","7/30/2014",2014,221,3,"excolsure",2,0.001,0.001,0.03,0,0.001,0.033,"","no"
"102","Bunny","ME","7/30/2014",2014,221,3,"control",2,0.004,0.012,0.021,0,0.002,0.039,"","no"
"103","Bunny","ME","7/30/2014",2014,221,3,"excolsure",3,0.001,0.003,0.019,0.051,0.009,1.076,"","no"
"104","Bunny","ME","7/30/2014",2014,221,3,"control",3,0,0.002,0.01,0.021,0.01,1.065,"","no"
"105","Asparagus","ME","7/30/2014",2014,221,3,"excolsure",3,0.02,0.002,0.007,0.03,0.001,1.08,"","no"
"106","Asparagus","ME","7/30/2014",2014,221,3,"control",3,0.002,0.002,0.016,0,0.019,0.039,"","no"
"107","Bunny","ME","7/30/2014",2014,221,3,"excolsure",1,0.002,0.003,0.023,0,0.004,0.032,"","no"
"108","Bunny","ME","7/30/2014",2014,221,3,"control",1,0.002,0.002,0.015,0,0.003,0.022,"","no"
"109","Chapman","NH","7/31/2014",2014,222,3,"excolsure",1,0.001,0.001,0.019,0.001,0.001,1.016,"","no"
"110","Chapman","NH","7/31/2014",2014,222,3,"control",1,0.013,0.002,0.015,0.001,0.004,1.045,"","no"
"111","Chapman","NH","7/31/2014",2014,222,3,"excolsure",3,0,0.002,0.031,0,0.002,0.035,"","no"
"112","Chapman","NH","7/31/2014",2014,222,3,"control",3,0.001,0.001,0.014,0.002,0.001,1.004,"","no"
"113","Rachel Carson","ME","7/31/2014",2014,222,3,"excolsure",2,0.002,0.005,0.046,0,0.001,0.054,"","no"
"114","Rachel Carson","ME","7/31/2014",2014,222,3,"control",2,0.002,0.006,0.031,0,0.001,0.04,"","no"
"115","Rachel Carson","ME","7/31/2014",2014,222,3,"excolsure",3,0,0.001,0.053,0,0.04,0.094,"","no"
"116","Rachel Carson","ME","7/31/2014",2014,222,3,"control",3,0,0,0.011,0,0.025,0.036,"","no"
"117","Chapman","NH","7/31/2014",2014,222,3,"excolsure",2,0.001,0.002,0.004,0,0.001,0.008,"","no"
"118","Chapman","NH","7/31/2014",2014,222,3,"control",2,0.001,0.001,0.026,0.001,0.001,1.048,"","no"
"119","Rachel Carson","ME","7/31/2014",2014,222,3,"excolsure",1,0.002,0.003,0.095,0,0.009,0.109,"","no"
"120","Rachel Carson","ME","7/31/2014",2014,222,3,"control",1,0.001,0.009,0.012,0,0.011,0.033,"","no"
"121","Barn Island","CT","8/4/2014",2014,226,3,"excolsure",1,0.046,0.005,0.006,0.108,0.009,1.211,"","no"
"122","Barn Island","CT","8/4/2014",2014,226,3,"control",1,0.057,0.008,0.005,0.142,0.032,1.244,"","no"
"123","Barn Island","CT","8/4/2014",2014,226,3,"excolsure",3,0.158,0.006,0.007,0.194,0.024,1.406,"","no"
"124","Barn Island","CT","8/4/2014",2014,226,3,"control",3,0.084,0.016,0.006,1.045,0.009,1.127,"","no"
"125","Sachuest","RI","8/4/2014",2014,226,3,"excolsure",2,0.099,0.01,0.065,0,0.05,0.224,"","no"
"126","Sachuest","RI","8/4/2014",2014,226,3,"control",2,0.071,0.01,0.002,0,0.015,0.098,"","no"
"127","Sachuest","RI","8/4/2014",2014,226,3,"excolsure",3,0.129,0.008,0.001,0,0.017,0.155,"","no"
"128","Sachuest","RI","8/4/2014",2014,226,3,"control",3,0.076,0.007,0.001,0.03,0.009,1.135,"","no"
"129","Sachuest","RI","8/4/2014",2014,226,3,"excolsure",1,0.036,0.014,0,0,0.029,0.079,"","no"
"130","Sachuest","RI","8/4/2014",2014,226,3,"control",1,0.042,0.007,0.002,0,0.003,0.054,"","no"
"131","Hammo","CT","8/4/2014",2014,226,3,"excolsure",1,0,0.022,0.054,0.084,0.004,1.176,"","no"
"132","Hammo","CT","8/4/2014",2014,226,3,"control",1,0.001,0.011,0.031,0.106,0.022,1.178,"","no"
"133","Barn Island","CT","8/4/2014",2014,226,3,"excolsure",2,0.045,0.003,0.004,0.027,0.02,1.128,"","no"
"135","Forsythe","NJ","8/5/2014",2014,227,3,"excolsure",1,0.011,0.012,0.003,0,0.018,0.044,"","no"
"136","Forsythe","NJ","8/5/2014",2014,227,3,"control",1,0.002,0.012,0.004,0,0.009,0.027,"","no"
"137","Forsythe","NJ","8/5/2014",2014,227,3,"excolsure",2,0.002,0.008,0.004,0.114,0.019,1.151,"","no"
"138","Forsythe","NJ","8/5/2014",2014,227,3,"control",2,0.004,0.012,0.005,0,0.032,0.053,"","no"
"139","Hammo","CT","8/5/2014",2014,227,3,"excolsure",2,0,0.014,0.04,0.188,0.001,1.248,"","no"
"140","Hammo","CT","8/5/2014",2014,227,3,"control",2,0.003,0.015,0.044,0.399,0.01,1.465,"","no"
"141","Hammo","CT","8/5/2014",2014,227,3,"excolsure",3,0.009,0.015,0.05,0.233,0.001,1.31,"","no"
"142","Hammo","CT","8/5/2014",2014,227,3,"control",3,0.092,0.008,0.004,0.328,0.031,1.468,"","no"
"143","Forsythe","NJ","8/5/2014",2014,227,3,"excolsure",3,0.001,0.014,0.003,0,0.013,0.031,"","no"
"144","Forsythe","NJ","8/5/2014",2014,227,3,"control",3,0.007,0.016,0.012,0.177,0.035,1.262,"","no"
"145","Asparagus","ME","8/19/2014",2014,241,4,"excolsure",1,0.011,0.008,0.002,0,0.015,0.036,"","no"
"146","Asparagus","ME","8/19/2014",2014,241,4,"control",1,0.005,0.002,0.002,0,0.001,0.01,"","no"
"147","Asparagus","ME","8/19/2014",2014,241,4,"excolsure",2,0.003,0.013,0,0,0.007,0.023,"","no"
"148","Asparagus","ME","8/19/2014",2014,241,4,"control",2,0.003,0.002,0,0,0.008,0.013,"","no"
"149","Bunny","ME","8/19/2014",2014,241,4,"excolsure",1,0.002,0.008,0.014,0,0.012,0.036,"","no"
"150","Bunny","ME","8/19/2014",2014,241,4,"control",1,0,0.005,0.002,0.079,0.002,1.085,"","no"
"151","Bunny","ME","8/19/2014",2014,241,4,"excolsure",2,0.001,0.004,0.007,0,0.001,0.013,"","no"
"152","Bunny","ME","8/19/2014",2014,241,4,"control",2,0.032,0.014,0.002,0.142,0.002,1.206,"","no"
"153","Bunny","ME","8/19/2014",2014,241,4,"excolsure",3,0.001,0.019,0.007,0.141,0.003,1.185,"","no"
"154","Bunny","ME","8/19/2014",2014,241,4,"control",3,0.001,0.007,0.005,0,0.071,0.084,"","no"
"155","Asparagus","ME","8/19/2014",2014,241,4,"excolsure",3,0.015,0.007,0.002,0,0.04,0.064,"","no"
"156","Asparagus","ME","8/19/2014",2014,241,4,"control",3,0.031,0.013,0.001,0,0.012,0.057,"","no"
"157","Rachel Carson","ME","8/20/2014",2014,242,4,"excolsure",2,0.001,0.006,0.1,0,0.015,0.122,"","no"
"158","Rachel Carson","ME","8/20/2014",2014,242,4,"control",2,0.001,0.002,0.04,0,0.02,0.063,"","no"
"159","Rachel Carson","ME","8/20/2014",2014,242,4,"excolsure",1,0.005,0.006,0.067,0,0.006,0.084,"","no"
"160","Rachel Carson","ME","8/20/2014",2014,242,4,"control",1,0.007,0.012,0.081,0.002,0.006,1.127,"","no"
"161","Rachel Carson","ME","8/20/2014",2014,242,4,"excolsure",3,0.003,0.006,0.127,0,0.027,0.163,"","no"
"162","Rachel Carson","ME","8/20/2014",2014,242,4,"control",3,0.008,0.015,0.065,0.02,0.004,1.118,"","no"
"163","Chapman","NH","8/20/2014",2014,242,4,"excolsure",2,0.002,0.01,0.015,0,0.008,0.035,"","no"
"164","Chapman","NH","8/20/2014",2014,242,4,"control",2,0.001,0.01,0.019,0,0.008,0.038,"","no"
"165","Chapman","NH","8/20/2014",2014,242,4,"excolsure",3,0.003,0.005,0.009,0,0.007,0.024,"","no"
"166","Chapman","NH","8/20/2014",2014,242,4,"control",3,0.002,0.01,0.014,0.002,0.008,1.055,"","no"
"167","Chapman","NH","8/20/2014",2014,242,4,"excolsure",1,0.001,0.008,0.015,0,0.014,0.038,"","no"
"168","Chapman","NH","8/20/2014",2014,242,4,"control",1,0,0.002,0.022,0,0.01,0.034,"","no"
"169","Sachuest","RI","8/22/2014",2014,244,4,"excolsure",3,0.003,0.005,0.004,0,0.013,0.025,"","no"
"170","Sachuest","RI","8/22/2014",2014,244,4,"control",3,0.075,0.021,0.001,0.061,0.203,1.367,"","no"
"171","Forsythe","NJ","8/25/2014",2014,247,4,"excolsure",2,0.011,0.033,0.002,0,0.013,0.059,"","no"
"172","Forsythe","NJ","8/25/2014",2014,247,4,"control",2,0.002,0.015,0.005,0.002,0.007,1.057,"","no"
"173","Forsythe","NJ","8/25/2014",2014,247,4,"excolsure",3,0.003,0.039,0.002,0.045,0.017,1.133,"","no"
"174","Forsythe","NJ","8/25/2014",2014,247,4,"control",3,0.004,0.004,0.003,0.197,0.124,1.355,"","no"
"175","Forsythe","NJ","8/25/2014",2014,247,4,"excolsure",1,0.001,0.005,0.002,0,0.005,0.013,"","no"
"176","Forsythe","NJ","8/25/2014",2014,247,4,"control",1,0,0.032,0.003,0.198,0.017,1.245,"","no"
"177","Barn Island","CT","8/26/2014",2014,248,4,"excolsure",2,0.049,0.006,0,0.168,0.014,1.253,"","no"
"178","Barn Island","CT","8/26/2014",2014,248,4,"control",1,0.163,0.012,0.002,0.803,0.017,2.002,"","no"
"179","Barn Island","CT","8/26/2014",2014,248,4,"excolsure",3,0.077,0.003,0.001,0.035,0.021,1.132,"","no"
"181","Hammo","CT","8/26/2014",2014,248,4,"excolsure",2,0.003,0.025,0.006,0.158,0.004,1.189,"","no"
"182","Hammo","CT","8/26/2014",2014,248,4,"control",2,0.002,0.016,0.008,0,0.012,0.038,"","no"
"183","Hammo","CT","8/26/2014",2014,248,4,"excolsure",3,0.002,0.018,0.005,0.223,0.006,1.267,"","no"
"184","Hammo","CT","8/26/2014",2014,248,4,"control",3,0.003,0.008,0.004,0.015,0.003,1.039,"","no"
"185","Hammo","CT","8/26/2014",2014,248,4,"excolsure",1,0.001,0.017,0.005,0.042,0.001,1.06,"","no"
"186","Hammo","CT","8/26/2014",2014,248,4,"control",1,0.001,0.01,0.002,0.005,0.001,1.022,"","no"
"187","Barn Island","CT","8/26/2014",2014,248,4,"excolsure",2,0.017,0.003,0.001,1.172,0.024,2.256,"","no"
"188","Barn Island","CT","8/26/2014",2014,248,4,"control",2,0.117,0.001,0,1.382,0.001,2.497,"","no"
"189","Sachuest","RI","8/27/2014",2014,249,4,"excolsure",2,0.022,0.007,0.005,0,0.012,0.046,"","no"
"190","Sachuest","RI","8/27/2014",2014,249,4,"control",2,0.03,0.026,0.001,0,0.001,0.058,"","no"
"191","Sachuest","RI","8/27/2014",2014,249,4,"excolsure",1,0.045,0.034,0.005,0,0.017,0.101,"","no"
"192","Sachuest","RI","8/27/2014",2014,249,4,"control",1,0.037,0.017,0.002,0,0.001,0.057,"","no"
"193","Bunny","ME","5/18/2015",2015,148,1,"excolsure",1,0,0.001,0.082,0,0,0.083,"","no"
"194","Bunny","ME","5/18/2015",2015,148,1,"control",1,0,0.003,0.034,0,0,0.036,"","no"
"195","Bunny","ME","5/18/2015",2015,148,1,"excolsure",2,0,0.001,0,0.113,0.001,1.121,"","no"
"196","Bunny","ME","5/18/2015",2015,148,1,"control",2,0,0.024,0.001,0.593,0.001,1.625,"","no"
"197","Bunny","ME","5/18/2015",2015,148,1,"excolsure",3,0,0.001,0,0,0,0.001,"","no"
"198","Bunny","ME","5/18/2015",2015,148,1,"control",3,0,0.004,0.002,0,0.008,0.014,"","no"
"199","Chapman","NH","5/21/2015",2015,151,1,"excolsure",1,0,0.005,0.003,0.048,0.002,1.071,"","no"
"200","Chapman","ME","5/21/2015",2015,151,1,"control",1,0,0.005,0.004,0,0.001,1.04,"","no"
"201","Chapman","ME","5/21/2015",2015,151,1,"excolsure",2,0.032,0.012,0.003,0.222,0.004,1.309,"","no"
"202","Chapman","ME","5/21/2015",2015,151,1,"control",2,0.006,0.004,0.006,0.002,0.001,1.024,"","no"
"203","Chapman","NH","5/21/2015",2015,151,1,"excolsure",3,0,0.002,0.001,0,0.002,0.005,"","no"
"204","Chapman","NH","5/21/2015",2015,151,1,"control",3,0,0.002,0.002,0.005,0,1.017,"","no"
"205","Rachel Carson","ME","5/22/2015",2015,152,1,"excolsure",1,0,0.006,0.018,0.001,0.023,1.062,"","no"
"206","Rachel Carson","ME","5/22/2015",2015,152,1,"control",1,0,0.011,0.025,0,0.007,0.043,"","no"
"207","Rachel Carson","ME","5/22/2015",2015,152,1,"excolsure",2,0.001,0.006,0.016,0,0.005,0.028,"","no"
"208","Rachel Carson","ME","5/22/2015",2015,152,1,"control",2,0.003,0.004,0.018,0,0.008,0.033,"","no"
"209","Rachel Carson","ME","5/22/2015",2015,152,1,"excolsure",3,0.001,0.008,0.023,0,0.003,0.035,"","no"
"210","Rachel Carson","ME","5/22/2015",2015,152,1,"control",3,0.003,0.006,0.022,0,0,0.031,"","no"
"211","Asparagus","ME","5/27/2015",2015,157,1,"excolsure",1,0,0,0,0,0.001,0.001,"","no"
"212","Asparagus","ME","5/27/2015",2015,157,1,"control",1,0.018,0.009,0,0,0.006,0.032,"","no"
"213","Asparagus","ME","5/27/2015",2015,157,1,"excolsure",2,0.035,0.001,0.001,0.006,0.003,1.047,"","no"
"214","Asparagus","ME","5/27/2015",2015,157,1,"control",2,0,0.004,0.001,0,0.002,0.007,"","no"
"215","Asparagus","ME","5/27/2015",2015,157,1,"excolsure",3,0.016,0.008,0,0,0.003,0.027,"","no"
"216","Asparagus","ME","5/27/2015",2015,157,1,"control",3,0.022,0.013,0,0,0.014,0.049,"","no"
"217","Hammo","CT","6/3/2015",2015,164,1,"excolsure",1,0.012,0.002,0.034,0.882,0.003,1.928,"","no"
"218","Hammo","CT","6/3/2015",2015,164,1,"control",1,0,0.001,0.001,1.332,0.004,2.328,"","no"
"219","Hammo","CT","6/3/2015",2015,164,1,"excolsure",2,0.022,0.001,0.007,1.121,0.004,2.146,"","no"
"220","Hammo","CT","6/3/2015",2015,164,1,"control",2,0,0,0,0.862,0.009,1.877,"","no"
"221","Hammo","CT","6/3/2015",2015,164,1,"excolsure",3,0.006,0,0,0.628,0.003,1.631,"","no"
"222","Hammo","CT","6/3/2015",2015,164,1,"control",3,0,0,0,1.094,0.022,2.111,"","no"
"223","Barn Island","CT","6/4/2015",2015,165,1,"excolsure",1,0.091,0.011,0.003,2.009,0.032,3.151,"","no"
"224","Barn Island","CT","6/4/2015",2015,165,1,"control",1,0.104,0.001,0.002,0.085,0.017,1.216,"","no"
"225","Barn Island","CT","6/4/2015",2015,165,1,"excolsure",2,0.124,0,0.002,2.986,0.039,4.166,"","no"
"226","Barn Island","CT","6/4/2015",2015,165,1,"control",2,0.062,0.002,0.009,1.815,0.018,2.906,"","no"
"227","Barn Island","CT","6/4/2015",2015,165,1,"excolsure",3,0.105,0.003,0.006,3.102,0.039,4.291,"","no"
"228","Barn Island","CT","6/4/2015",2015,165,1,"control",3,0.152,0.001,0.003,2.995,0.037,4.179,"","no"
"229","Sachuest","RI","6/5/2015",2015,166,1,"excolsure",1,0.006,0.007,0,0,0.005,0.017,"","no"
"230","Sachuest","RI","6/5/2015",2015,166,1,"control",1,0.089,0.002,0,0,0,0.091,"","no"
"231","Sachuest","RI","6/5/2015",2015,166,1,"excolsure",2,0.001,0.001,0.001,0,0.005,0.008,"","no"
"232","Sachuest","RI","6/5/2015",2015,166,1,"control",2,0.015,0.009,0.017,0,0.001,0.042,"","no"
"233","Sachuest","RI","6/5/2015",2015,166,1,"excolsure",3,0,0.006,0.001,0,0.002,0.009,"","no"
"234","Sachuest","RI","6/5/2015",2015,166,1,"control",3,0.076,0.015,0.002,0,0.008,0.101,"","no"
"235","Forsythe","NJ","6/10/2015",2015,171,1,"excolsure",1,0.002,0.001,0.007,0,0.003,0.013,"","no"
"236","Forsythe","NJ","6/10/2015",2015,171,1,"control",1,0,0.001,0.013,0.003,0.002,1.036,"","no"
"237","Forsythe","NJ","6/10/2015",2015,171,1,"excolsure",2,0,0,0.01,0,0.002,0.007,"","no"
"238","Forsythe","NJ","6/10/2015",2015,171,1,"control",2,0,0.004,0.012,0.036,0.01,1.067,"","no"
"239","Forsythe","NJ","6/10/2015",2015,171,1,"excolsure",3,0,0.002,0.069,0,0.008,0.079,"","no"
"240","Forsythe","NJ","6/10/2015",2015,171,1,"control",3,0,0.004,0.009,0,0.004,0.017,"","no"
"241","Rachel Carson","ME","6/24/2015",2015,185,2,"excolsure",1,0.001,0.009,0.006,0,0.075,0.091,"","no"
"242","Rachel Carson","ME","6/24/2015",2015,185,2,"control",1,0.001,0.008,0.026,0.002,0.002,1.041,"","no"
"243","Rachel Carson","ME","6/24/2015",2015,185,2,"excolsure",2,0.001,0.007,0.009,0,0.008,0.025,"","no"
"244","Rachel Carson","ME","6/24/2015",2015,185,2,"control",2,0.001,0.008,0.023,0.007,0.002,1.027,"","no"
"245","Chapman","NH","6/24/2015",2015,185,2,"excolsure",2,0.009,0.01,0.025,0,0.008,0.052,"","no"
"246","Chapman","NH","6/24/2015",2015,185,2,"control",2,0.003,0.009,0.013,0,0.005,0.03,"","no"
"247","Chapman","NH","6/24/2015",2015,185,2,"excolsure",3,0.004,0.004,0.018,0,0.001,0.027,"","no"
"248","Chapman","NH","6/24/2015",2015,185,2,"control",3,0.004,0.001,0.01,0,0.013,0.028,"","no"
"249","Chapman","NH","6/24/2015",2015,185,2,"excolsure",1,0.003,0.016,0.026,0.058,0.005,1.078,"","no"
"250","Chapman","NH","6/24/2015",2015,185,2,"control",1,0.007,0.001,0.009,0.023,0.002,1.055,"","no"
"251","Asparagus","ME","6/25/2015",2015,186,2,"excolsure",1,0.002,0.001,0.002,0,0.003,0.008,"","no"
"252","Asparagus","ME","6/25/2015",2015,186,2,"control",1,0.001,0.007,0.002,0,0.004,0.014,"","no"
"253","Asparagus","ME","6/25/2015",2015,186,2,"excolsure",2,0.001,0,0.001,0,0.008,0.01,"","no"
"254","Asparagus","ME","6/25/2015",2015,186,2,"control",2,0.008,0.025,0.001,0,0.003,0.037,"","no"
"255","Bunny","ME","6/25/2015",2015,186,2,"excolsure",1,0.001,0.002,0.002,0,0.008,0.013,"","no"
"256","Bunny","ME","6/25/2015",2015,186,2,"control",1,0.001,0.006,0.002,0,0.003,0.012,"","no"
"257","Bunny","ME","6/25/2015",2015,186,2,"excolsure",2,0.004,0.001,0.003,0,0.002,0.01,"","no"
"258","Bunny","ME","6/25/2015",2015,186,2,"control",2,0,0.001,0.002,0.029,0.002,1.034,"","no"
"259","Bunny","ME","6/25/2015",2015,186,2,"excolsure",3,0,0.003,0.002,0,0.001,0.006,"","no"
"260","Bunny","ME","6/25/2015",2015,186,2,"control",3,0,0.003,0.003,0,0.006,0.012,"","no"
"261","Asparagus","ME","6/25/2015",2015,186,2,"excolsure",3,0.013,0.012,0.007,0,0.001,0.033,"","no"
"262","Asparagus","ME","6/25/2015",2015,186,2,"control",3,0.002,0.011,0.001,0,0,0.014,"","no"
"263","Barn Island","CT","6/29/2015",2015,190,2,"excolsure",1,0.043,0.008,0.005,0.018,0.038,1.12,"Ran out of new tins had to start reusing them for round 1 and 2","no"
"264","Barn Island","CT","6/29/2015",2015,190,2,"control",1,0.068,0.01,0.008,1.786,0.046,2.932,"","no"
"265","Barn Island","CT","6/29/2015",2015,190,2,"excolsure",2,0.065,0.015,0.011,0.688,0.011,1.791,"","no"
"266","Barn Island","CT","6/29/2015",2015,190,2,"control",2,0.078,0.031,0.015,1.468,0.014,2.61,"","no"
"267","Sachuest","RI","6/29/2015",2015,190,2,"excolsure",1,0.004,0.006,0.004,0,0.002,0.016,"","no"
"268","Sachuest","RI","6/29/2015",2015,190,2,"control",1,0.001,0.004,0.003,0,0.002,0.01,"","no"
"269","Sachuest","RI","6/29/2015",2015,190,2,"excolsure",2,0.006,0.006,0.012,0,0.006,0.03,"","no"
"270","Sachuest","RI","6/29/2015",2015,190,2,"control",2,0.001,0.009,0.003,0,0.002,0.015,"","no"
"271","Rachel Carson","ME","6/29/2015",2015,190,2,"excolsure",3,0.002,0.006,0.022,0,0.006,0.036,"","no"
"272","Rachel Carson","ME","6/29/2015",2015,190,2,"control",3,0.001,0.009,0.019,0.037,0.003,1.1,"","no"
"273","Sachuest","RI","6/29/2015",2015,190,2,"excolsure",3,0.006,0.016,0.002,0.064,0.002,1.123,"","no"
"274","Sachuest","RI","6/29/2015",2015,190,2,"control",3,0.001,0.008,0.005,0,0.008,0.022,"","no"
"275","Barn Island","CT","6/29/2015",2015,190,2,"excolsure",3,0.126,0.025,0.012,1.875,0.027,3.078,"","no"
"276","Barn Island","CT","6/29/2015",2015,190,2,"control",3,0.061,0.03,0.009,1.959,0.028,3.096,"","no"
"277","Hammo","CT","6/30/2015",2015,191,2,"excolsure",1,0.004,0.003,0.008,0.166,0.007,1.188,"","no"
"278","Hammo","CT","6/30/2015",2015,191,2,"control",1,0.004,0.007,0.015,0.171,0.003,1.212,"","no"
"279","Hammo","CT","6/30/2015",2015,191,2,"excolsure",2,0.005,0.002,0.012,0.245,0.006,1.269,"","no"
"280","Hammo","CT","6/30/2015",2015,191,2,"control",2,0.002,0.001,0.022,0.228,0.006,1.25,"","no"
"281","Forsythe","NJ","6/30/2015",2015,191,2,"excolsure",1,0.001,0.008,0.01,0,0.008,0.027,"","no"
"282","Forsythe","NJ","6/30/2015",2015,191,2,"control",1,0.001,0.003,0.028,0,0.014,0.046,"","no"
"283","Forsythe","NJ","6/30/2015",2015,191,2,"excolsure",2,0.001,0.003,0.02,0,0.001,0.025,"","no"
"284","Forsythe","NJ","6/30/2015",2015,191,2,"control",2,0.001,0.004,0.016,0.108,0.007,1.153,"","no"
"285","Hammo","CT","6/30/2015",2015,191,2,"excolsure",3,0.008,0.002,0.03,0.869,0.004,1.951,"","no"
"286","Hammo","CT","6/30/2015",2015,191,2,"control",3,0.001,0.002,0.011,0.234,0.001,1.26,"","no"
"287","Forsythe","NJ","6/30/2015",2015,191,2,"excolsure",3,0,0.001,0.026,0,0.004,0.031,"","no"
"288","Forsythe","NJ","6/30/2015",2015,191,2,"control",3,0,0.001,0.026,0,0.004,0.031,"","no"
"289","Chapman","NH","7/21/2015",2015,212,3,"excolsure",1,0.005,0.014,0,0,0.036,0.055,"","no"
"290","Chapman","NH","7/21/2015",2015,212,3,"control",1,0.003,0.011,0.084,0,0.009,0.107,"","no"
"291","Chapman","NH","7/21/2015",2015,212,3,"excolsure",3,0.003,0.008,0.086,0,0.001,0.098,"","no"
"292","Chapman","NH","7/21/2015",2015,212,3,"control",3,0.004,0.009,0.098,0,0.001,0.112,"","no"
"293","Rachel Carson","ME","7/21/2015",2015,212,3,"excolsure",2,0.003,0.011,0.045,0,0.012,0.071,"","no"
"294","Rachel Carson","ME","7/21/2015",2015,212,3,"control",2,0.003,0.014,0.096,0,0.019,0.132,"","no"
"295","Rachel Carson","ME","7/21/2015",2015,212,3,"excolsure",3,0.002,0.011,0.031,0,0.008,0.052,"","no"
"296","Rachel Carson","ME","7/21/2015",2015,212,3,"control",3,0.004,0.008,0.1,0,0.011,0.123,"","no"
"297","Chapman","NH","7/21/2015",2015,212,3,"excolsure",2,0.022,0.016,0.04,0,0.001,0.079,"","no"
"298","Chapman","NH","7/21/2015",2015,212,3,"control",2,0.005,0.006,0.047,0,0.001,0.059,"","no"
"299","Rachel Carson","ME","7/21/2015",2015,212,3,"excolsure",1,0.001,0.012,0.037,0,0.022,0.072,"","no"
"300","Rachel Carson","ME","7/21/2015",2015,212,3,"control",1,0.001,0.004,0.062,0,0.055,0.122,"","no"
"301","Asparagus","ME","7/22/2015",2015,213,3,"excolsure",1,0.009,0.006,0.024,0,0.003,0.042,"","no"
"302","Asparagus","ME","7/22/2015",2015,213,3,"control",1,0.001,0.003,0.018,0,0.002,0.024,"","no"
"303","Asparagus","ME","7/22/2015",2015,213,3,"excolsure",2,0.009,0.001,0.02,0,0.002,0.032,"","no"
"304","Asparagus","ME","7/22/2015",2015,213,3,"control",2,0.01,0.004,0.022,0,0.001,0.037,"","no"
"305","Bunny","ME","7/22/2015",2015,213,3,"excolsure",2,0,0.002,0.023,0,0.001,0.026,"","no"
"306","Bunny","ME","7/22/2015",2015,213,3,"control",2,0.001,0.017,0.01,0,0.001,0.029,"","no"
"307","Bunny","ME","7/22/2015",2015,213,3,"excolsure",3,0.001,0.014,0.048,0.063,0.001,1.144,"","no"
"308","Bunny","ME","7/22/2015",2015,213,3,"control",3,0.001,0.003,0.028,0,0.001,0.033,"","no"
"309","Asparagus","ME","7/22/2015",2015,213,3,"excolsure",3,0.025,0.008,0.048,0,0.005,0.086,"","no"
"310","Asparagus","ME","7/22/2015",2015,213,3,"control",3,0.011,0.004,0.015,0,0.001,0.031,"","no"
"311","Bunny","ME","7/22/2015",2015,213,3,"excolsure",1,0.002,0.015,0.028,0,0.003,0.048,"","no"
"312","Bunny","ME","7/22/2015",2015,213,3,"control",1,0.002,0.008,0.03,0,0.002,0.042,"","no"
"313","Barn Island","CT","7/28/2015",2015,219,3,"excolsure",1,0.122,0.015,0.005,0.175,0.03,1.351,"","no"
"314","Barn Island","CT","7/28/2015",2015,219,3,"control",1,0.133,0.019,0.021,2.726,0.019,3.919,"","no"
"315","Barn Island","CT","7/28/2015",2015,219,3,"excolsure",3,0.15,0.015,0.009,0.566,0.016,1.751,"","no"
"316","Barn Island","CT","7/28/2015",2015,219,3,"control",3,0.093,0.019,0.012,0.401,0.015,1.575,"","no"
"317","Sachuest","RI","7/28/2015",2015,219,3,"excolsure",2,0.012,0.008,0.005,0,0.001,0.026,"","no"
"318","Sachuest","RI","7/28/2015",2015,219,3,"control",2,0.006,0.011,0.007,0.004,0.004,1.035,"","no"
"319","Sachuest","RI","7/28/2015",2015,219,3,"excolsure",3,0.032,0.005,0.009,0,0.142,0.188,"","no"
"320","Sachuest","RI","7/28/2015",2015,219,3,"control",3,0.009,0.035,0.008,0,0.001,0.053,"","no"
"321","Sachuest","RI","7/28/2015",2015,219,3,"excolsure",1,0.008,0.005,0.005,0.047,0.007,1.073,"","no"
"322","Sachuest","RI","7/28/2015",2015,219,3,"control",1,0.017,0.006,0.007,0,0.001,0.031,"","no"
"323","Barn Island","CT","7/28/2015",2015,219,3,"excolsure",2,0.147,0.017,0.009,0.167,0.027,1.383,"","no"
"324","Barn Island","CT","7/28/2015",2015,219,3,"control",2,0.147,0.016,0.008,1.52,0.021,2.736,"","no"
"325","Forsythe","NJ","7/29/2015",2015,220,3,"excolsure",1,0.002,0.004,0.01,0.059,0.009,1.086,"looks like a lot of hemi in sample","no"
"326","Forsythe","NJ","7/29/2015",2015,220,3,"control",1,0,0.008,0.002,0,0.004,0.014,"","no"
"327","Forsythe","NJ","7/29/2015",2015,220,3,"excolsure",2,0.001,0.01,0.005,0,0.005,0.021,"","no"
"328","Forsythe","NJ","7/29/2015",2015,220,3,"control",2,0.001,0.014,0.007,0,0.007,0.029,"","no"
"329","Hammo","CT","7/29/2015",2015,220,3,"excolsure",2,0.038,0.008,0.016,1.301,0.004,2.39,"","no"
"330","Hammo","CT","7/29/2015",2015,220,3,"control",2,0.012,0.006,0.017,0.241,0.013,1.297,"","no"
"331","Hammo","CT","7/29/2015",2015,220,3,"excolsure",3,0.02,0.002,0.004,0.953,0.003,1.986,"","no"
"332","Hammo","CT","7/29/2015",2015,220,3,"control",3,0.01,0.002,0.016,0.737,0.008,1.781,"","no"
"333","Forsythe","NJ","7/29/2015",2015,220,3,"excolsure",3,0.003,0.005,0.002,0,0.012,0.022,"","no"
"334","Forsythe","NJ","7/29/2015",2015,220,3,"control",3,0,0.001,0.002,0,0.018,0.021,"","no"
"335","Hammo","CT","7/29/2015",2015,220,3,"excolsure",1,0.036,0.012,0.035,1.252,0.008,2.356,"","no"
"336","Hammo","CT","7/29/2015",2015,220,3,"control",1,0.005,0.008,0.015,0.203,0.007,1.255,"","no"
"337","Barn Island","CT","8/24/2015",2015,246,4,"excolsure",1,0.096,0.021,0.021,1.145,0.099,2.381,"","no"
"338","Barn Island","CT","8/24/2015",2015,246,4,"control",1,0.027,0.007,0.009,0.148,0.001,1.197,"","no"
"339","Barn Island","CT","8/24/2015",2015,246,4,"control",3,0.001,0.001,0.001,0,0.001,0.004,"","no"
"340","Barn Island","CT","8/24/2015",2015,246,4,"excolsure",3,0.114,0.011,0.002,0.215,0.021,1.382,"","no"
"341","Sachuest","RI","8/24/2015",2015,246,4,"excolsure",3,0.017,0.011,0.005,0,0.001,0.034,"","no"
"342","Sachuest","RI","8/24/2015",2015,246,4,"control",3,0.015,0.009,0.011,0.002,0.001,1.029,"","no"
"343","Hammo","CT","8/24/2015",2015,246,4,"excolsure",2,0.015,0.02,0.025,0.383,0.006,1.451,"","no"
"344","Hammo","CT","8/24/2015",2015,246,4,"control",2,0.005,0.007,0.015,0.368,0.003,1.416,"","no"
"345","Hammo","CT","8/24/2015",2015,246,4,"excolsure",3,0.015,0.009,0.013,0.373,0.003,1.424,"","no"
"346","Hammo","CT","8/24/2015",2015,246,4,"control",3,0.001,0.008,0.015,0.053,0.004,1.093,"","no"
"347","Sachuest","RI","8/24/2015",2015,246,4,"excolsure",1,0.019,0.008,0.011,0,0.004,0.042,"","no"
"348","Sachuest","RI","8/24/2015",2015,246,4,"control",1,0.027,0.026,0.006,0,0.003,0.062,"","no"
"349","Hammo","CT","8/24/2015",2015,246,4,"excolsure",1,0.006,0.006,0.033,0.149,0.005,1.2,"Changed 8/15/15 to 8/24/15","no"
"350","Hammo","CT","8/24/2015",2015,246,4,"control",1,0.001,0.001,0.01,0.043,0.249,1.32,"Changed 8/15/15 to 8/24/16","no"
"351","Barn Island","CT","8/24/2015",2015,246,4,"excolsure",2,0.052,0.011,0.008,0.683,0.028,1.794,"","no"
"352","Barn Island","CT","8/24/2015",2015,246,4,"control",2,0.019,0.007,0.015,0.268,0.005,1.332,"","no"
"353","Forsythe","NJ","8/26/2015",2015,248,4,"excolsure",2,0.001,0.021,0.009,0,0.012,0.043,"","no"
"354","Forsythe","NJ","8/26/2015",2015,248,4,"control",2,0.001,0.008,0.029,0,0.005,0.043,"","no"
"355","Forsythe","NJ","8/26/2015",2015,248,4,"excolsure",3,0.001,0.012,0.008,0,0.007,0.028,"","no"
"356","Forsythe","NJ","8/26/2015",2015,248,4,"control",3,0.012,0.042,0.026,0,0.003,0.083,"","no"
"357","Forsythe","NJ","8/26/2015",2015,248,4,"excolsure",1,0.001,0.004,0.006,0,0.008,0.019,"","no"
"358","Forsythe","NJ","8/26/2015",2015,248,4,"control",1,0.001,0.005,0.016,0,0.001,0.023,"","no"
"359","Chapman","NH","8/27/2015",2015,249,4,"excolsure",2,0.008,0.015,0.017,0.113,0.001,1.153,"","no"
"360","Chapman","NH","8/27/2015",2015,249,4,"control",2,0.006,0.02,0.016,0,0.003,0.045,"","no"
"361","Chapman","NH","8/27/2015",2015,249,4,"excolsure",3,0.029,0.019,0.017,0,0.001,0.066,"","no"
"362","Chapman","NH","8/27/2015",2015,249,4,"control",3,0.007,0.006,0.017,0.039,0.001,1.082,"","no"
"363","Chapman","NH","8/27/2015",2015,249,4,"excolsure",1,0.042,0.021,0.016,0.073,0.002,1.147,"","no"
"364","Chapman","NH","8/27/2015",2015,249,4,"control",1,0.008,0.01,0.018,0,0.024,0.06,"","no"
"365","Sachuest","RI","8/29/2015",2015,251,4,"excolsure",2,0.007,0.019,0.009,0,0.147,0.182,"","no"
"366","Sachuest","RI","8/29/2015",2015,251,4,"control",2,0.034,0.018,0.007,0,0.002,0.061,"","no"
"367","Rachel Carson","ME","8/31/2015",2015,253,4,"excolsure",2,0.016,0.003,0.008,0,0.004,0.031,"","no"
"368","Rachel Carson","ME","8/31/2015",2015,253,4,"control",2,0.012,0.004,0.012,0.001,0.009,1.063,"","no"
"369","Rachel Carson","ME","8/31/2015",2015,253,4,"excolsure",1,0.011,0.028,0.006,0,0.003,0.048,"","no"
"370","Rachel Carson","ME","8/31/2015",2015,253,4,"control",1,0.007,0.007,0.008,0,0.002,0.024,"","no"
"371","Rachel Carson","ME","8/31/2015",2015,253,4,"excolsure",3,0.006,0.024,0.04,0,0.011,0.081,"","no"
"372","Rachel Carson","ME","8/31/2015",2015,253,4,"control",3,0.001,0.015,0.004,0,0.001,0.021,"","no"
"373","Asparagus","ME","9/4/2015",2015,257,4,"excolsure",1,0.006,0.017,0.001,0,0.002,0.026,"","no"
"374","Asparagus","ME","9/4/2015",2015,257,4,"control",1,0.004,0.004,0.001,0,0.002,0.011,"","no"
"375","Asparagus","ME","9/4/2015",2015,257,4,"excolsure",2,0.01,0.006,0.001,0,0.004,0.021,"","no"
"376","Asparagus","ME","9/4/2015",2015,257,4,"control",2,0.001,0.002,0,0,0,0.003,"","no"
"377","Bunny","ME","9/4/2015",2015,257,4,"excolsure",1,0,0.026,0.005,0,0.015,0.046,"","no"
"378","Bunny","ME","9/4/2015",2015,257,4,"control",1,0.004,0.012,0.004,0,0.001,0.021,"","no"
"379","Bunny","ME","9/4/2015",2015,257,4,"excolsure",2,0.006,0.024,0.064,0,0.001,0.095,"","no"
"380","Bunny","ME","9/4/2015",2015,257,4,"control",2,0.001,0.018,0.018,0,0.001,0.038,"","no"
"381","Bunny","ME","9/4/2015",2015,257,4,"excolsure",3,0.001,0.029,0.022,0,0.002,0.054,"","no"
"382","Bunny","ME","9/4/2015",2015,257,4,"control",3,0.001,0.02,0.008,0,0.009,0.038,"","no"
"383","Asparagus","ME","9/15/2015",2015,268,4,"excolsure",3,0.004,0.009,0.001,0,0.001,0.015,"","no"
"384","Asparagus","ME","9/15/2015",2015,268,4,"control",3,0.003,0.003,0.001,0,0.003,0.01,"","no"
